date,daily_energy_kwh
2019-01-01,48.802
2019-01-02,487.445
2019-01-03,329.244
2019-01-04,318.916
2019-01-05,93.99
2019-01-06,180.656
2019-01-07,559.365
2019-01-08,387.251
2019-01-09,344.216
2019-01-10,335.086
2019-01-11,295.085
2019-01-12,149.226
2019-01-13,265.439
2019-01-14,490.458
2019-01-15,526.676
2019-01-16,399.736
2019-01-17,422.2
2019-01-18,580.197
2019-01-19,224.115
2019-01-20,131.723
2019-01-21,162.04500000000002
2019-01-22,522.569
2019-01-23,434.18985095579393
2019-01-24,345.225841995221
2019-01-25,359.012
2019-01-26,295.602
2019-01-27,114.452
2019-01-28,389.229
2019-01-29,430.602
2019-01-30,353.537
2019-01-31,234.7
2019-02-01,506.491
2019-02-02,218.131
2019-02-03,122.82400000000001
2019-02-04,369.115
2019-02-05,504.639
2019-02-06,315.403
2019-02-07,401.124
2019-02-08,410.637
2019-02-09,129.517
2019-02-10,155.428
2019-02-11,263.56600000000003
2019-02-12,546.481
2019-02-13,316.877
2019-02-14,332.076
2019-02-15,475.468
2019-02-16,297.847
2019-02-17,71.411
2019-02-18,218.713
2019-02-19,380.766
2019-02-20,517.384
2019-02-21,350.48199999999997
2019-02-22,470.878
2019-02-23,185.267
2019-02-24,226.227
2019-02-25,489.293
2019-02-26,332.0650970728787
2019-02-27,401.0207219235362
2019-02-28,287.70934528076384
2019-03-01,280.284
2019-03-02,168.335
2019-03-03,142.524
2019-03-04,426.899
2019-03-05,309.99165471923504
2019-03-06,250.38438142174383
2019-03-07,354.86
2019-03-08,394.246
2019-03-09,61.150999999999996
2019-03-10,159.923
2019-03-11,370.895
2019-03-12,436.616
2019-03-13,342.011
2019-03-14,426.186
2019-03-15,345.18152837514884
2019-03-16,153.967
2019-03-17,185.962
2019-03-18,450.301
2019-03-19,343.575
2019-03-20,388.97700000000003
2019-03-21,337.91453733572257
2019-03-22,356.753
2019-03-23,127.993
2019-03-24,134.94899999999998
2019-03-25,331.24
2019-03-26,351.199
2019-03-27,412.194
2019-03-28,314.148
2019-03-29,312.253
2019-03-30,132.719
2019-03-31,96.89
2019-04-01,313.118
2019-04-02,411.695
2019-04-03,251.668
2019-04-04,269.773
2019-04-05,307.404
2019-04-06,169.652
2019-04-07,125.292
2019-04-08,505.558
2019-04-09,424.427
2019-04-10,345.17
2019-04-11,348.578
2019-04-12,475.305
2019-04-13,246.481
2019-04-14,104.41799999999999
2019-04-15,397.4022777777775
2019-04-16,308.6099767025087
2019-04-17,343.346
2019-04-18,323.597
2019-04-19,266.853
2019-04-20,111.406
2019-04-21,164.377
2019-04-22,369.196
2019-04-23,282.515
2019-04-24,320.275
2019-04-25,342.797
2019-04-26,303.567
2019-04-27,138.88
2019-04-28,132.51999999999998
2019-04-29,343.604
2019-04-30,353.843
2019-05-01,425.731
2019-05-02,294.71952329748655
2019-05-03,320.651
2019-05-04,135.60999999999999
2019-05-05,129.695
2019-05-06,349.79699999999997
2019-05-07,403.448
2019-05-08,308.873
2019-05-09,267.486
2019-05-10,375.266
2019-05-11,129.71699999999998
2019-05-12,83.294
2019-05-13,555.002
2019-05-14,245.444
2019-05-15,379.6432272222222
2019-05-16,308.712
2019-05-17,317.986
2019-05-18,135.11599999999999
2019-05-19,124.642
2019-05-20,317.747
2019-05-21,386.652
2019-05-22,322.221
2019-05-23,295.4356272222222
2019-05-24,256.725
2019-05-25,100.431
2019-05-26,149.581
2019-05-27,96.119
2019-05-28,308.889
2019-05-29,266.388
2019-05-30,317.901
2019-05-31,324.27764194444444
2019-06-01,122.39099999999999
2019-06-02,112.243
2019-06-03,423.332
2019-06-04,284.615
2019-06-05,271.79
2019-06-06,245.13497610513707
2019-06-07,308.569
2019-06-08,70.765
2019-06-09,147.84300000000002
2019-06-10,335.456
2019-06-11,378.211
2019-06-12,390.429
2019-06-13,308.399
2019-06-14,434.59999999999997
2019-06-15,231.202
2019-06-16,41.351
2019-06-17,277.839
2019-06-18,281.026
2019-06-19,330.183
2019-06-20,237.62
2019-06-21,324.571
2019-06-22,102.418
2019-06-23,67.724
2019-06-24,302.313
2019-06-25,244.53199999999998
2019-06-26,309.385
2019-06-27,299.14
2019-06-28,224.658
2019-06-29,27.316000000000003
2019-06-30,56.592
2019-07-01,234.285
2019-07-02,244.894
2019-07-03,250.115
2019-07-04,40.653
2019-07-05,96.328
2019-07-06,79.323
2019-07-07,93.073
2019-07-08,319.668
2019-07-09,169.852
2019-07-10,222.08100000000002
2019-07-11,243.962
2019-07-12,237.82328944444444
2019-07-13,154.367
2019-07-14,85.396
2019-07-15,368.62924888888887
2019-07-16,290.411
2019-07-17,296.663
2019-07-18,371.132911338112
2019-07-19,226.922
2019-07-20,57.551
2019-07-21,80.3
2019-07-22,274.613
2019-07-23,269.874
2019-07-24,351.955
2019-07-25,336.3702061111111
2019-07-26,216.824
2019-07-27,157.4
2019-07-28,131.055
2019-07-29,270.453
2019-07-30,209.879
2019-07-31,225.327
2019-08-01,256.3042114695336
2019-08-02,271.999
2019-08-03,109.476
2019-08-04,37.661
2019-08-05,315.994
2019-08-06,234.154
2019-08-07,290.2705940203067
2019-08-08,311.092
2019-08-09,216.484
2019-08-10,170.712
2019-08-11,55.627
2019-08-12,385.919
2019-08-13,343.067
2019-08-14,329.077
2019-08-15,242.746
2019-08-16,241.778
2019-08-17,16.676
2019-08-18,124.092
2019-08-19,326.5831762246073
2019-08-20,357.843
2019-08-21,323.714
2019-08-22,284.128
2019-08-23,226.1554405615277
2019-08-24,86.282
2019-08-25,74.461
2019-08-26,260.604
2019-08-27,365.64154360812364
2019-08-28,329.27953076463535
2019-08-29,344.5575230555556
2019-08-30,247.733
2019-08-31,120.63300000000001
2019-09-01,51.775
2019-09-02,167.734
2019-09-03,338.104
2019-09-04,371.36549970131347
2019-09-05,364.21634552269944
2019-09-06,341.515
2019-09-07,73.439
2019-09-08,108.43
2019-09-09,496.235
2019-09-10,269.12962604539985
2019-09-11,320.72536916666667
2019-09-12,340.283
2019-09-13,298.813
2019-09-14,147.665
2019-09-15,66.7985575
2019-09-16,337.513
2019-09-17,219.355
2019-09-18,273.7351063888889
2019-09-19,290.6735697222222
2019-09-20,372.94100000000003
2019-09-21,35.85
2019-09-22,90.025
2019-09-23,434.0
2019-09-24,227.088
2019-09-25,279.658
2019-09-26,311.833
2019-09-27,273.686
2019-09-28,37.742000000000004
2019-09-29,96.17108666666667
2019-09-30,271.8026688888889
2019-10-01,417.047
2019-10-02,250.469
2019-10-03,329.70799999999997
2019-10-04,283.624
2019-10-05,53.089
2019-10-06,16.848
2019-10-07,383.09092749999996
2019-10-08,304.991
2019-10-09,330.877
2019-10-10,371.06158094384654
2019-10-11,240.204
2019-10-12,128.71
2019-10-13,67.935
2019-10-14,340.276
2019-10-15,269.142
2019-10-16,331.5735964755045
2019-10-17,333.037
2019-10-18,244.442
2019-10-19,61.019
2019-10-20,112.685
2019-10-21,271.222
2019-10-22,425.245
2019-10-23,323.935
2019-10-24,389.9492347670245
2019-10-25,324.768
2019-10-26,144.883
2019-10-27,159.70600000000002
2019-10-28,411.5090597371565
2019-10-29,454.2042096774163
2019-10-30,305.185
2019-10-31,176.939
2019-11-01,403.0418088888889
2019-11-02,37.668
2019-11-03,120.39200000000001
2019-11-04,384.746
2019-11-05,306.27
2019-11-06,248.208
2019-11-07,316.014
2019-11-08,425.8166269444444
2019-11-09,46.447
2019-11-10,163.661
2019-11-11,403.729213859014
2019-11-12,513.071
2019-11-13,190.11141583333333
2019-11-14,260.2464274193545
2019-11-15,291.929
2019-11-16,100.33240333333333
2019-11-17,76.803
2019-11-18,342.0374997222222
2019-11-19,221.8460111111111
2019-11-20,324.00600000000003
2019-11-21,340.912
2019-11-22,422.438
2019-11-23,39.286
2019-11-24,104.407
2019-11-25,253.875
2019-11-26,292.224
2019-11-27,113.627
2019-11-28,22.616
2019-11-29,91.666
2019-11-30,87.52
2019-12-01,91.289
2019-12-02,313.36
2019-12-03,259.7578175029811
2019-12-04,286.27
2019-12-05,199.657
2019-12-06,247.41
2019-12-07,109.96000000000001
2019-12-08,86.534
2019-12-09,309.869
2019-12-10,343.512
2019-12-11,317.4051425
2019-12-12,314.724
2019-12-13,338.4030804689361
2019-12-14,103.18599999999999
2019-12-15,99.221
2019-12-16,349.684
2019-12-17,343.462
2019-12-18,286.266
2019-12-19,302.432
2019-12-20,170.102
2019-12-21,14.125
2019-12-22,155.978
2019-12-23,89.895
2019-12-24,48.288
2019-12-25,0.0
2019-12-26,17.791
2019-12-27,40.28
2019-12-28,18.728
2019-12-29,43.819
2019-12-30,80.45599999999999
